HITId,HITTypeId,Title,Description,Keywords,Reward,CreationTime,MaxAssignments,RequesterAnnotation,AssignmentDurationInSeconds,AutoApprovalDelayInSeconds,Expiration,NumberOfSimilarHITs,LifetimeInSeconds,AssignmentId,WorkerId,AssignmentStatus,AcceptTime,SubmitTime,AutoApprovalTime,ApprovalTime,RejectionTime,RequesterFeedback,WorkTimeInSeconds,LifetimeApprovalRate,Last30DaysApprovalRate,Last7DaysApprovalRate,Input.full_text,Answer.emotion.label,Approve,Reject
3VGET1QSZ0TKMFO2KJ9MO9CYEHZ7W9,3K17V65Z3MTB787QKE0LDQZV1G9M8F,What emotion does this text convey?,What emotion does this text convey?,"Happy/Joy, Excitement/Anticipation, Trust,  Fear,  Anger, Sadness",$0.01,Thu Mar 12 10:39:47 PDT 2020,3,BatchId:3953871;OriginalHitTemplateId:928390866;,240,172800,Sun Mar 15 10:39:47 PDT 2020,,,33CID57105NOWM9A5V4WR0FO28I3LK,A33I17JEFZ925P,Approved,Thu Mar 12 10:42:06 PDT 2020,Thu Mar 12 10:42:11 PDT 2020,Sat Mar 14 10:42:11 PDT 2020,Thu Mar 12 10:43:36 PDT 2020,,,5,90% (9/10),90% (9/10),90% (9/10),LaVonnaRoth All good over here. Hope things bare great for you also. Will see you in June for #TCT20.,Excitement / Anticipation,X,
3VGET1QSZ0TKMFO2KJ9MO9CYEHZ7W9,3K17V65Z3MTB787QKE0LDQZV1G9M8F,What emotion does this text convey?,What emotion does this text convey?,"Happy/Joy, Excitement/Anticipation, Trust,  Fear,  Anger, Sadness",$0.01,Thu Mar 12 10:39:47 PDT 2020,3,BatchId:3953871;OriginalHitTemplateId:928390866;,240,172800,Sun Mar 15 10:39:47 PDT 2020,,,3BF51CHDTW4QTYRNVN7FXAOAIFR0HH,AXAXLC0TXQ0QW,Approved,Thu Mar 12 10:53:39 PDT 2020,Thu Mar 12 10:53:52 PDT 2020,Sat Mar 14 10:53:52 PDT 2020,Thu Mar 12 13:01:04 PDT 2020,,,13,100% (2/2),100% (2/2),100% (2/2),LaVonnaRoth All good over here. Hope things bare great for you also. Will see you in June for #TCT20.,Happiness / Joy,X,
3VGET1QSZ0TKMFO2KJ9MO9CYEHZ7W9,3K17V65Z3MTB787QKE0LDQZV1G9M8F,What emotion does this text convey?,What emotion does this text convey?,"Happy/Joy, Excitement/Anticipation, Trust,  Fear,  Anger, Sadness",$0.01,Thu Mar 12 10:39:47 PDT 2020,3,BatchId:3953871;OriginalHitTemplateId:928390866;,240,172800,Sun Mar 15 10:39:47 PDT 2020,,,3XIQGXAUMD21XZRMLQAAFBMREJDX74,A23HZ18KTCK2DA,Approved,Thu Mar 12 10:41:29 PDT 2020,Thu Mar 12 10:45:02 PDT 2020,Sat Mar 14 10:45:02 PDT 2020,Thu Mar 12 13:01:04 PDT 2020,,,213,100% (18/18),100% (18/18),100% (18/18),LaVonnaRoth All good over here. Hope things bare great for you also. Will see you in June for #TCT20.,Excitement / Anticipation,X,
3AXFSPQOYQSBVO39V3OJNBV7A99FJQ,3K17V65Z3MTB787QKE0LDQZV1G9M8F,What emotion does this text convey?,What emotion does this text convey?,"Happy/Joy, Excitement/Anticipation, Trust,  Fear,  Anger, Sadness",$0.01,Thu Mar 12 10:39:47 PDT 2020,3,BatchId:3953871;OriginalHitTemplateId:928390866;,240,172800,Sun Mar 15 10:39:47 PDT 2020,,,32ZKVD547GHCJDNYEIF2DXJJQE43BX,A37NFLYNUZQ0QS,Approved,Thu Mar 12 10:41:52 PDT 2020,Thu Mar 12 10:42:06 PDT 2020,Sat Mar 14 10:42:06 PDT 2020,Thu Mar 12 10:43:34 PDT 2020,,,14,100% (10/10),100% (10/10),100% (10/10),After 7 months in @Medium jail I finally got my first ever article curated.,Happiness / Joy,X,
3AXFSPQOYQSBVO39V3OJNBV7A99FJQ,3K17V65Z3MTB787QKE0LDQZV1G9M8F,What emotion does this text convey?,What emotion does this text convey?,"Happy/Joy, Excitement/Anticipation, Trust,  Fear,  Anger, Sadness",$0.01,Thu Mar 12 10:39:47 PDT 2020,3,BatchId:3953871;OriginalHitTemplateId:928390866;,240,172800,Sun Mar 15 10:39:47 PDT 2020,,,3D4CH1LGEBNUPWKPBD8Q5LD26J59G0,A191V7PT3DQKDP,Approved,Thu Mar 12 10:40:24 PDT 2020,Thu Mar 12 10:40:50 PDT 2020,Sat Mar 14 10:40:50 PDT 2020,Thu Mar 12 10:43:34 PDT 2020,,,26,95% (21/22),95% (21/22),95% (21/22),After 7 months in @Medium jail I finally got my first ever article curated.,Happiness / Joy,X,
3AXFSPQOYQSBVO39V3OJNBV7A99FJQ,3K17V65Z3MTB787QKE0LDQZV1G9M8F,What emotion does this text convey?,What emotion does this text convey?,"Happy/Joy, Excitement/Anticipation, Trust,  Fear,  Anger, Sadness",$0.01,Thu Mar 12 10:39:47 PDT 2020,3,BatchId:3953871;OriginalHitTemplateId:928390866;,240,172800,Sun Mar 15 10:39:47 PDT 2020,,,3PPTZCWALRE08CWGI771CNJXR93ZQ1,A3OUNEJO97MM8E,Approved,Thu Mar 12 10:41:14 PDT 2020,Thu Mar 12 10:41:23 PDT 2020,Sat Mar 14 10:41:23 PDT 2020,Thu Mar 12 10:43:34 PDT 2020,,,9,100% (6/6),100% (6/6),100% (6/6),After 7 months in @Medium jail I finally got my first ever article curated.,Excitement / Anticipation,X,
3K3IX1W4S6LCL8PZF07B666SMS2AP8,3K17V65Z3MTB787QKE0LDQZV1G9M8F,What emotion does this text convey?,What emotion does this text convey?,"Happy/Joy, Excitement/Anticipation, Trust,  Fear,  Anger, Sadness",$0.01,Thu Mar 12 10:39:47 PDT 2020,3,BatchId:3953871;OriginalHitTemplateId:928390866;,240,172800,Sun Mar 15 10:39:47 PDT 2020,,,3018Q3ZVOJKZJ538JUG20K2TEAZARD,A37NFLYNUZQ0QS,Approved,Thu Mar 12 10:41:39 PDT 2020,Thu Mar 12 10:41:52 PDT 2020,Sat Mar 14 10:41:52 PDT 2020,Thu Mar 12 10:43:35 PDT 2020,,,13,100% (10/10),100% (10/10),100% (10/10),Exciting things are happening for us.  Ill post about it once it's confirmed.,Happiness / Joy,X,
3K3IX1W4S6LCL8PZF07B666SMS2AP8,3K17V65Z3MTB787QKE0LDQZV1G9M8F,What emotion does this text convey?,What emotion does this text convey?,"Happy/Joy, Excitement/Anticipation, Trust,  Fear,  Anger, Sadness",$0.01,Thu Mar 12 10:39:47 PDT 2020,3,BatchId:3953871;OriginalHitTemplateId:928390866;,240,172800,Sun Mar 15 10:39:47 PDT 2020,,,3SNLUL3WO5H8VGMTKF0XE95OFL1ULI,A23HZ18KTCK2DA,Approved,Thu Mar 12 10:41:21 PDT 2020,Thu Mar 12 10:43:08 PDT 2020,Sat Mar 14 10:43:08 PDT 2020,Thu Mar 12 10:44:40 PDT 2020,,,107,100% (18/18),100% (18/18),100% (18/18),Exciting things are happening for us.  Ill post about it once it's confirmed.,Excitement / Anticipation,X,
3K3IX1W4S6LCL8PZF07B666SMS2AP8,3K17V65Z3MTB787QKE0LDQZV1G9M8F,What emotion does this text convey?,What emotion does this text convey?,"Happy/Joy, Excitement/Anticipation, Trust,  Fear,  Anger, Sadness",$0.01,Thu Mar 12 10:39:47 PDT 2020,3,BatchId:3953871;OriginalHitTemplateId:928390866;,240,172800,Sun Mar 15 10:39:47 PDT 2020,,,3Y9N9SS8LZ55YALISE688N7JTZG3D4,A33I17JEFZ925P,Approved,Thu Mar 12 10:41:54 PDT 2020,Thu Mar 12 10:42:00 PDT 2020,Sat Mar 14 10:42:00 PDT 2020,Thu Mar 12 10:43:35 PDT 2020,,,6,90% (9/10),90% (9/10),90% (9/10),Exciting things are happening for us.  Ill post about it once it's confirmed.,Excitement / Anticipation,X,
30EMX9PEVKDFADEDJ8OUVPEZEO3KSD,3K17V65Z3MTB787QKE0LDQZV1G9M8F,What emotion does this text convey?,What emotion does this text convey?,"Happy/Joy, Excitement/Anticipation, Trust,  Fear,  Anger, Sadness",$0.01,Thu Mar 12 10:39:47 PDT 2020,3,BatchId:3953871;OriginalHitTemplateId:928390866;,240,172800,Sun Mar 15 10:39:47 PDT 2020,,,37M28K1J0R7ILHKVBP7TYTG24T5AJL,A3OUNEJO97MM8E,Approved,Thu Mar 12 10:41:32 PDT 2020,Thu Mar 12 10:41:40 PDT 2020,Sat Mar 14 10:41:40 PDT 2020,Thu Mar 12 10:43:32 PDT 2020,,,8,100% (6/6),100% (6/6),100% (6/6),"Oh my! Under 2 months until the @UltraChallenges IOW Ultra marathon.  If anyone wants to chuck a few quid at the @alzheimerssoc there is a link below. I would be most grateful, as would my lovely dad.",Excitement / Anticipation,X,
30EMX9PEVKDFADEDJ8OUVPEZEO3KSD,3K17V65Z3MTB787QKE0LDQZV1G9M8F,What emotion does this text convey?,What emotion does this text convey?,"Happy/Joy, Excitement/Anticipation, Trust,  Fear,  Anger, Sadness",$0.01,Thu Mar 12 10:39:47 PDT 2020,3,BatchId:3953871;OriginalHitTemplateId:928390866;,240,172800,Sun Mar 15 10:39:47 PDT 2020,,,39ZSFO5CA9Q20QYTHUOKYUSWBWWUJG,A23HZ18KTCK2DA,Approved,Thu Mar 12 10:41:19 PDT 2020,Thu Mar 12 10:42:34 PDT 2020,Sat Mar 14 10:42:34 PDT 2020,Thu Mar 12 10:43:32 PDT 2020,,,75,100% (18/18),100% (18/18),100% (18/18),"Oh my! Under 2 months until the @UltraChallenges IOW Ultra marathon.  If anyone wants to chuck a few quid at the @alzheimerssoc there is a link below. I would be most grateful, as would my lovely dad.",Excitement / Anticipation,X,
30EMX9PEVKDFADEDJ8OUVPEZEO3KSD,3K17V65Z3MTB787QKE0LDQZV1G9M8F,What emotion does this text convey?,What emotion does this text convey?,"Happy/Joy, Excitement/Anticipation, Trust,  Fear,  Anger, Sadness",$0.01,Thu Mar 12 10:39:47 PDT 2020,3,BatchId:3953871;OriginalHitTemplateId:928390866;,240,172800,Sun Mar 15 10:39:47 PDT 2020,,,3L4PIM1GQUA0FN1BZ0UI36K0H11YRA,A17INFFRJESCZ5,Approved,Thu Mar 12 10:40:59 PDT 2020,Thu Mar 12 10:41:23 PDT 2020,Sat Mar 14 10:41:23 PDT 2020,Thu Mar 12 10:43:32 PDT 2020,,,24,100% (5/5),100% (5/5),100% (5/5),"Oh my! Under 2 months until the @UltraChallenges IOW Ultra marathon.  If anyone wants to chuck a few quid at the @alzheimerssoc there is a link below. I would be most grateful, as would my lovely dad.",Happiness / Joy,X,
3AJA9FLWSCSF0DJ3DL3JBAG7XUKIFH,3K17V65Z3MTB787QKE0LDQZV1G9M8F,What emotion does this text convey?,What emotion does this text convey?,"Happy/Joy, Excitement/Anticipation, Trust,  Fear,  Anger, Sadness",$0.01,Thu Mar 12 10:39:47 PDT 2020,3,BatchId:3953871;OriginalHitTemplateId:928390866;,240,172800,Sun Mar 15 10:39:47 PDT 2020,,,3PS7W85Z80WYU16VVD7X44SRWDE9TA,A37NFLYNUZQ0QS,Approved,Thu Mar 12 10:41:08 PDT 2020,Thu Mar 12 10:41:26 PDT 2020,Sat Mar 14 10:41:26 PDT 2020,Thu Mar 12 10:43:34 PDT 2020,,,18,100% (10/10),100% (10/10),100% (10/10),#NACDance is very much looking forward to welcome the brilliant dancers of @NDTdance next week (March 17 + 18) performing works by the who's who of the international dance scene. A first visit in Ottawa in over 30 years!,Excitement / Anticipation,X,
3AJA9FLWSCSF0DJ3DL3JBAG7XUKIFH,3K17V65Z3MTB787QKE0LDQZV1G9M8F,What emotion does this text convey?,What emotion does this text convey?,"Happy/Joy, Excitement/Anticipation, Trust,  Fear,  Anger, Sadness",$0.01,Thu Mar 12 10:39:47 PDT 2020,3,BatchId:3953871;OriginalHitTemplateId:928390866;,240,172800,Sun Mar 15 10:39:47 PDT 2020,,,3WMINLGALCXVD3EP1XQ7BP37E9WAC7,A23HZ18KTCK2DA,Approved,Thu Mar 12 10:41:27 PDT 2020,Thu Mar 12 10:44:36 PDT 2020,Sat Mar 14 10:44:36 PDT 2020,Thu Mar 12 13:01:03 PDT 2020,,,189,100% (18/18),100% (18/18),100% (18/18),#NACDance is very much looking forward to welcome the brilliant dancers of @NDTdance next week (March 17 + 18) performing works by the who's who of the international dance scene. A first visit in Ottawa in over 30 years!,Excitement / Anticipation,X,
3AJA9FLWSCSF0DJ3DL3JBAG7XUKIFH,3K17V65Z3MTB787QKE0LDQZV1G9M8F,What emotion does this text convey?,What emotion does this text convey?,"Happy/Joy, Excitement/Anticipation, Trust,  Fear,  Anger, Sadness",$0.01,Thu Mar 12 10:39:47 PDT 2020,3,BatchId:3953871;OriginalHitTemplateId:928390866;,240,172800,Sun Mar 15 10:39:47 PDT 2020,,,3WSELTNVR4WCZKG0NJLX0Z3B2VWATQ,A191V7PT3DQKDP,Approved,Thu Mar 12 10:41:46 PDT 2020,Thu Mar 12 10:42:29 PDT 2020,Sat Mar 14 10:42:29 PDT 2020,Thu Mar 12 10:43:34 PDT 2020,,,43,95% (21/22),95% (21/22),95% (21/22),#NACDance is very much looking forward to welcome the brilliant dancers of @NDTdance next week (March 17 + 18) performing works by the who's who of the international dance scene. A first visit in Ottawa in over 30 years!,Excitement / Anticipation,X,
31YWE12TE06ZBFTSUO58QSQ5NJ57X2,3K17V65Z3MTB787QKE0LDQZV1G9M8F,What emotion does this text convey?,What emotion does this text convey?,"Happy/Joy, Excitement/Anticipation, Trust,  Fear,  Anger, Sadness",$0.01,Thu Mar 12 10:39:47 PDT 2020,3,BatchId:3953871;OriginalHitTemplateId:928390866;,240,172800,Sun Mar 15 10:39:47 PDT 2020,,,36NEMU28XG75T2TJFRGDWA5A062MWB,A33I17JEFZ925P,Approved,Thu Mar 12 10:40:55 PDT 2020,Thu Mar 12 10:41:07 PDT 2020,Sat Mar 14 10:41:07 PDT 2020,Thu Mar 12 10:43:32 PDT 2020,,,12,90% (9/10),90% (9/10),90% (9/10),Just out for a @JamieMusical fix (again x several) with lots of Musical Theatre and Production Arts students!,Excitement / Anticipation,X,
31YWE12TE06ZBFTSUO58QSQ5NJ57X2,3K17V65Z3MTB787QKE0LDQZV1G9M8F,What emotion does this text convey?,What emotion does this text convey?,"Happy/Joy, Excitement/Anticipation, Trust,  Fear,  Anger, Sadness",$0.01,Thu Mar 12 10:39:47 PDT 2020,3,BatchId:3953871;OriginalHitTemplateId:928390866;,240,172800,Sun Mar 15 10:39:47 PDT 2020,,,3IJXV6UZ1YDEPNM6VI8FHIQCRI3RIX,A23HZ18KTCK2DA,Approved,Thu Mar 12 10:41:13 PDT 2020,Thu Mar 12 10:41:54 PDT 2020,Sat Mar 14 10:41:54 PDT 2020,Thu Mar 12 10:43:33 PDT 2020,,,41,100% (18/18),100% (18/18),100% (18/18),Just out for a @JamieMusical fix (again x several) with lots of Musical Theatre and Production Arts students!,Excitement / Anticipation,X,
31YWE12TE06ZBFTSUO58QSQ5NJ57X2,3K17V65Z3MTB787QKE0LDQZV1G9M8F,What emotion does this text convey?,What emotion does this text convey?,"Happy/Joy, Excitement/Anticipation, Trust,  Fear,  Anger, Sadness",$0.01,Thu Mar 12 10:39:47 PDT 2020,3,BatchId:3953871;OriginalHitTemplateId:928390866;,240,172800,Sun Mar 15 10:39:47 PDT 2020,,,3SNVL38CI5M1PGNBDO3W5363JLQCKO,A17INFFRJESCZ5,Approved,Thu Mar 12 10:42:08 PDT 2020,Thu Mar 12 10:42:19 PDT 2020,Sat Mar 14 10:42:19 PDT 2020,Thu Mar 12 10:43:33 PDT 2020,,,11,100% (5/5),100% (5/5),100% (5/5),Just out for a @JamieMusical fix (again x several) with lots of Musical Theatre and Production Arts students!,Happiness / Joy,X,
362E9TQF2HKLEDFYO591TVGJY9KIGG,3K17V65Z3MTB787QKE0LDQZV1G9M8F,What emotion does this text convey?,What emotion does this text convey?,"Happy/Joy, Excitement/Anticipation, Trust,  Fear,  Anger, Sadness",$0.01,Thu Mar 12 10:39:48 PDT 2020,3,BatchId:3953871;OriginalHitTemplateId:928390866;,240,172800,Sun Mar 15 10:39:48 PDT 2020,,,33LK57MYLUZCLSBTABW67NYY9XOZSQ,A23HZ18KTCK2DA,Approved,Thu Mar 12 10:41:17 PDT 2020,Thu Mar 12 10:42:17 PDT 2020,Sat Mar 14 10:42:17 PDT 2020,Thu Mar 12 10:43:33 PDT 2020,,,60,100% (18/18),100% (18/18),100% (18/18),I was ready to pay for this during closed beta! Let's Goo,Excitement / Anticipation,X,
362E9TQF2HKLEDFYO591TVGJY9KIGG,3K17V65Z3MTB787QKE0LDQZV1G9M8F,What emotion does this text convey?,What emotion does this text convey?,"Happy/Joy, Excitement/Anticipation, Trust,  Fear,  Anger, Sadness",$0.01,Thu Mar 12 10:39:48 PDT 2020,3,BatchId:3953871;OriginalHitTemplateId:928390866;,240,172800,Sun Mar 15 10:39:48 PDT 2020,,,33PPUNGG39Z0KDBGVMW1HDT2NV5ZR2,A33I17JEFZ925P,Approved,Thu Mar 12 10:41:16 PDT 2020,Thu Mar 12 10:41:22 PDT 2020,Sat Mar 14 10:41:22 PDT 2020,Thu Mar 12 10:43:33 PDT 2020,,,6,90% (9/10),90% (9/10),90% (9/10),I was ready to pay for this during closed beta! Let's Goo,Happiness / Joy,X,
362E9TQF2HKLEDFYO591TVGJY9KIGG,3K17V65Z3MTB787QKE0LDQZV1G9M8F,What emotion does this text convey?,What emotion does this text convey?,"Happy/Joy, Excitement/Anticipation, Trust,  Fear,  Anger, Sadness",$0.01,Thu Mar 12 10:39:48 PDT 2020,3,BatchId:3953871;OriginalHitTemplateId:928390866;,240,172800,Sun Mar 15 10:39:48 PDT 2020,,,3GFK2QRXXAB7LV8DNSZRF8UOEBCW5V,A17INFFRJESCZ5,Approved,Thu Mar 12 10:40:42 PDT 2020,Thu Mar 12 10:40:53 PDT 2020,Sat Mar 14 10:40:53 PDT 2020,Thu Mar 12 10:43:34 PDT 2020,,,11,100% (5/5),100% (5/5),100% (5/5),I was ready to pay for this during closed beta! Let's Goo,Excitement / Anticipation,X,
3QHITW7OYO3XLKQEFDM06BW2ROOAQZ,3K17V65Z3MTB787QKE0LDQZV1G9M8F,What emotion does this text convey?,What emotion does this text convey?,"Happy/Joy, Excitement/Anticipation, Trust,  Fear,  Anger, Sadness",$0.01,Thu Mar 12 10:39:48 PDT 2020,4,BatchId:3953871;OriginalHitTemplateId:928390866;,240,172800,Sun Mar 15 10:39:48 PDT 2020,,,38YMOXR4MVT34Z8RSB9W7E8OA6NW6B,A2PTXQ060AH5S5,Approved,Thu Mar 12 10:40:42 PDT 2020,Thu Mar 12 10:41:04 PDT 2020,Sat Mar 14 10:41:04 PDT 2020,Thu Mar 12 10:43:35 PDT 2020,,,22,100% (7/7),100% (7/7),100% (7/7),"I am so excited for this book .. I am two chapters away from finishing the greatest You by @TrentShelton Just intime to stick my nose right into another heart string pulling. Ass kicking, dig deep and grow page turner ",Excitement / Anticipation,X,
3QHITW7OYO3XLKQEFDM06BW2ROOAQZ,3K17V65Z3MTB787QKE0LDQZV1G9M8F,What emotion does this text convey?,What emotion does this text convey?,"Happy/Joy, Excitement/Anticipation, Trust,  Fear,  Anger, Sadness",$0.01,Thu Mar 12 10:39:48 PDT 2020,4,BatchId:3953871;OriginalHitTemplateId:928390866;,240,172800,Sun Mar 15 10:39:48 PDT 2020,,,3N1FSUEFL6UQG64MSSBRISZP7ZED41,AXAXLC0TXQ0QW,Approved,Thu Mar 12 10:53:57 PDT 2020,Thu Mar 12 10:54:08 PDT 2020,Sat Mar 14 10:54:08 PDT 2020,Thu Mar 12 13:01:04 PDT 2020,,,11,100% (2/2),100% (2/2),100% (2/2),"I am so excited for this book .. I am two chapters away from finishing the greatest You by @TrentShelton Just intime to stick my nose right into another heart string pulling. Ass kicking, dig deep and grow page turner ",Happiness / Joy,X,
3QHITW7OYO3XLKQEFDM06BW2ROOAQZ,3K17V65Z3MTB787QKE0LDQZV1G9M8F,What emotion does this text convey?,What emotion does this text convey?,"Happy/Joy, Excitement/Anticipation, Trust,  Fear,  Anger, Sadness",$0.01,Thu Mar 12 10:39:48 PDT 2020,4,BatchId:3953871;OriginalHitTemplateId:928390866;,240,172800,Sun Mar 15 10:39:48 PDT 2020,,,3QL2OFSM97C2XM8EA1VCXVN7DGVCNT,A191V7PT3DQKDP,Rejected,Thu Mar 12 10:42:12 PDT 2020,Thu Mar 12 10:42:36 PDT 2020,Sat Mar 14 10:42:36 PDT 2020,,Thu Mar 12 10:44:29 PDT 2020,wrong,24,95% (21/22),95% (21/22),95% (21/22),"I am so excited for this book .. I am two chapters away from finishing the greatest You by @TrentShelton Just intime to stick my nose right into another heart string pulling. Ass kicking, dig deep and grow page turner ",Happiness / Joy,X,
3QHITW7OYO3XLKQEFDM06BW2ROOAQZ,3K17V65Z3MTB787QKE0LDQZV1G9M8F,What emotion does this text convey?,What emotion does this text convey?,"Happy/Joy, Excitement/Anticipation, Trust,  Fear,  Anger, Sadness",$0.01,Thu Mar 12 10:39:48 PDT 2020,4,BatchId:3953871;OriginalHitTemplateId:928390866;,240,172800,Sun Mar 15 10:39:48 PDT 2020,,,3Z4XG4ZF49L5XDW5VV2GTBIMP3JX8R,A23HZ18KTCK2DA,Approved,Thu Mar 12 10:41:32 PDT 2020,Thu Mar 12 10:45:15 PDT 2020,Sat Mar 14 10:45:15 PDT 2020,Thu Mar 12 13:01:04 PDT 2020,,,223,100% (18/18),100% (18/18),100% (18/18),"I am so excited for this book .. I am two chapters away from finishing the greatest You by @TrentShelton Just intime to stick my nose right into another heart string pulling. Ass kicking, dig deep and grow page turner ",Excitement / Anticipation,X,
3WGCNLZJKF272N99E8NNVBW04FTD19,3K17V65Z3MTB787QKE0LDQZV1G9M8F,What emotion does this text convey?,What emotion does this text convey?,"Happy/Joy, Excitement/Anticipation, Trust,  Fear,  Anger, Sadness",$0.01,Thu Mar 12 10:39:48 PDT 2020,3,BatchId:3953871;OriginalHitTemplateId:928390866;,240,172800,Sun Mar 15 10:39:48 PDT 2020,,,33M4IA01QHVBFIB1U48GKSDRFV7XR3,A2PTXQ060AH5S5,Approved,Thu Mar 12 10:42:08 PDT 2020,Thu Mar 12 10:42:24 PDT 2020,Sat Mar 14 10:42:24 PDT 2020,Thu Mar 12 10:43:36 PDT 2020,,,16,100% (7/7),100% (7/7),100% (7/7),The ABP Southampton Marathon is now only 45 days away we hope you are as excited as we are If you haven't yet signed up why not sign up today!,Happiness / Joy,X,
3WGCNLZJKF272N99E8NNVBW04FTD19,3K17V65Z3MTB787QKE0LDQZV1G9M8F,What emotion does this text convey?,What emotion does this text convey?,"Happy/Joy, Excitement/Anticipation, Trust,  Fear,  Anger, Sadness",$0.01,Thu Mar 12 10:39:48 PDT 2020,3,BatchId:3953871;OriginalHitTemplateId:928390866;,240,172800,Sun Mar 15 10:39:48 PDT 2020,,,3LPW2N6LKUWUTRJ8SSKQXK9RTV25U6,A33I17JEFZ925P,Approved,Thu Mar 12 10:42:13 PDT 2020,Thu Mar 12 10:42:17 PDT 2020,Sat Mar 14 10:42:17 PDT 2020,Thu Mar 12 10:43:36 PDT 2020,,,4,90% (9/10),90% (9/10),90% (9/10),The ABP Southampton Marathon is now only 45 days away we hope you are as excited as we are If you haven't yet signed up why not sign up today!,Excitement / Anticipation,X,
3WGCNLZJKF272N99E8NNVBW04FTD19,3K17V65Z3MTB787QKE0LDQZV1G9M8F,What emotion does this text convey?,What emotion does this text convey?,"Happy/Joy, Excitement/Anticipation, Trust,  Fear,  Anger, Sadness",$0.01,Thu Mar 12 10:39:48 PDT 2020,3,BatchId:3953871;OriginalHitTemplateId:928390866;,240,172800,Sun Mar 15 10:39:48 PDT 2020,,,3TXD01ZLD5BCX8F8EN1GSS3DTZ74U0,A23HZ18KTCK2DA,Approved,Thu Mar 12 10:41:20 PDT 2020,Thu Mar 12 10:42:59 PDT 2020,Sat Mar 14 10:42:59 PDT 2020,Thu Mar 12 10:44:40 PDT 2020,,,99,100% (18/18),100% (18/18),100% (18/18),The ABP Southampton Marathon is now only 45 days away we hope you are as excited as we are If you haven't yet signed up why not sign up today!,Excitement / Anticipation,X,
3JHB4BPSFK3JG1G9N780AGLIL66Q90,3K17V65Z3MTB787QKE0LDQZV1G9M8F,What emotion does this text convey?,What emotion does this text convey?,"Happy/Joy, Excitement/Anticipation, Trust,  Fear,  Anger, Sadness",$0.01,Thu Mar 12 10:39:48 PDT 2020,3,BatchId:3953871;OriginalHitTemplateId:928390866;,240,172800,Sun Mar 15 10:39:48 PDT 2020,,,3EG49X351V6ITZDH2G5I9XMVJ8TX65,A33I17JEFZ925P,Approved,Thu Mar 12 10:41:31 PDT 2020,Thu Mar 12 10:41:37 PDT 2020,Sat Mar 14 10:41:37 PDT 2020,Thu Mar 12 10:43:35 PDT 2020,,,6,90% (9/10),90% (9/10),90% (9/10),Only 2 more sleeps until the opening night of @LondonIFF  Really excited to attend the European Premiere of @lagedorfilm and hang out with the awesome @JennaSuru @JamieLeeHill2 @KellyTziouveli and many others   #filmpremiere #supportindiefilm,Excitement / Anticipation,X,
3JHB4BPSFK3JG1G9N780AGLIL66Q90,3K17V65Z3MTB787QKE0LDQZV1G9M8F,What emotion does this text convey?,What emotion does this text convey?,"Happy/Joy, Excitement/Anticipation, Trust,  Fear,  Anger, Sadness",$0.01,Thu Mar 12 10:39:48 PDT 2020,3,BatchId:3953871;OriginalHitTemplateId:928390866;,240,172800,Sun Mar 15 10:39:48 PDT 2020,,,3ERMJ6L4DZMQ3NSI7J814U6T7FU7MV,A23HZ18KTCK2DA,Approved,Thu Mar 12 10:41:24 PDT 2020,Thu Mar 12 10:44:10 PDT 2020,Sat Mar 14 10:44:10 PDT 2020,Thu Mar 12 10:44:39 PDT 2020,,,166,100% (18/18),100% (18/18),100% (18/18),Only 2 more sleeps until the opening night of @LondonIFF  Really excited to attend the European Premiere of @lagedorfilm and hang out with the awesome @JennaSuru @JamieLeeHill2 @KellyTziouveli and many others   #filmpremiere #supportindiefilm,Excitement / Anticipation,X,
3JHB4BPSFK3JG1G9N780AGLIL66Q90,3K17V65Z3MTB787QKE0LDQZV1G9M8F,What emotion does this text convey?,What emotion does this text convey?,"Happy/Joy, Excitement/Anticipation, Trust,  Fear,  Anger, Sadness",$0.01,Thu Mar 12 10:39:48 PDT 2020,3,BatchId:3953871;OriginalHitTemplateId:928390866;,240,172800,Sun Mar 15 10:39:48 PDT 2020,,,3RRCEFRB7N6X1962EWKLN2BP4E0B4Q,A37NFLYNUZQ0QS,Approved,Thu Mar 12 10:42:06 PDT 2020,Thu Mar 12 10:42:15 PDT 2020,Sat Mar 14 10:42:15 PDT 2020,Thu Mar 12 10:44:39 PDT 2020,,,9,100% (10/10),100% (10/10),100% (10/10),Only 2 more sleeps until the opening night of @LondonIFF  Really excited to attend the European Premiere of @lagedorfilm and hang out with the awesome @JennaSuru @JamieLeeHill2 @KellyTziouveli and many others   #filmpremiere #supportindiefilm,Excitement / Anticipation,X,
3W9XHF7WGKPGPDRS88TK5UALG7HKT2,3K17V65Z3MTB787QKE0LDQZV1G9M8F,What emotion does this text convey?,What emotion does this text convey?,"Happy/Joy, Excitement/Anticipation, Trust,  Fear,  Anger, Sadness",$0.01,Thu Mar 12 10:39:48 PDT 2020,3,BatchId:3953871;OriginalHitTemplateId:928390866;,240,172800,Sun Mar 15 10:39:48 PDT 2020,,,354GIDR5ZC0FIYLRXF0URIPTWYN00D,A23HZ18KTCK2DA,Approved,Thu Mar 12 10:41:25 PDT 2020,Thu Mar 12 10:44:22 PDT 2020,Sat Mar 14 10:44:22 PDT 2020,Thu Mar 12 10:44:40 PDT 2020,,,177,100% (18/18),100% (18/18),100% (18/18),Last evaluation of my teaching career.  I don’t retire for three more years but this was a surreal moment! I am not sure how I feel.,Excitement / Anticipation,X,
3W9XHF7WGKPGPDRS88TK5UALG7HKT2,3K17V65Z3MTB787QKE0LDQZV1G9M8F,What emotion does this text convey?,What emotion does this text convey?,"Happy/Joy, Excitement/Anticipation, Trust,  Fear,  Anger, Sadness",$0.01,Thu Mar 12 10:39:48 PDT 2020,3,BatchId:3953871;OriginalHitTemplateId:928390866;,240,172800,Sun Mar 15 10:39:48 PDT 2020,,,3D8YOU6S9FEQCVJMXBUVPQNRPQCU6A,A33I17JEFZ925P,Approved,Thu Mar 12 10:41:39 PDT 2020,Thu Mar 12 10:41:52 PDT 2020,Sat Mar 14 10:41:52 PDT 2020,Thu Mar 12 10:43:36 PDT 2020,,,13,90% (9/10),90% (9/10),90% (9/10),Last evaluation of my teaching career.  I don’t retire for three more years but this was a surreal moment! I am not sure how I feel.,Happiness / Joy,X,
3W9XHF7WGKPGPDRS88TK5UALG7HKT2,3K17V65Z3MTB787QKE0LDQZV1G9M8F,What emotion does this text convey?,What emotion does this text convey?,"Happy/Joy, Excitement/Anticipation, Trust,  Fear,  Anger, Sadness",$0.01,Thu Mar 12 10:39:48 PDT 2020,3,BatchId:3953871;OriginalHitTemplateId:928390866;,240,172800,Sun Mar 15 10:39:48 PDT 2020,,,3R08VXYT7DPM8ZMWBLEODS8K5H87WM,A3OUNEJO97MM8E,Approved,Thu Mar 12 10:41:40 PDT 2020,Thu Mar 12 10:41:54 PDT 2020,Sat Mar 14 10:41:54 PDT 2020,Thu Mar 12 10:43:36 PDT 2020,,,14,100% (6/6),100% (6/6),100% (6/6),Last evaluation of my teaching career.  I don’t retire for three more years but this was a surreal moment! I am not sure how I feel.,Fear,X,
334ZEL5JX69Y04ZSH0GN26V8YTDSO5,3K17V65Z3MTB787QKE0LDQZV1G9M8F,What emotion does this text convey?,What emotion does this text convey?,"Happy/Joy, Excitement/Anticipation, Trust,  Fear,  Anger, Sadness",$0.01,Thu Mar 12 10:39:48 PDT 2020,3,BatchId:3953871;OriginalHitTemplateId:928390866;,240,172800,Sun Mar 15 10:39:48 PDT 2020,,,338JKRMM27TMUBP5NP48MG0NR11AHG,A23HZ18KTCK2DA,Approved,Thu Mar 12 10:41:30 PDT 2020,Thu Mar 12 10:45:08 PDT 2020,Sat Mar 14 10:45:08 PDT 2020,Thu Mar 12 13:01:03 PDT 2020,,,218,100% (18/18),100% (18/18),100% (18/18),Holla people!! my song Rose Gold Di Nathani is releasing tomorrow on zee music Stay tuned!! Please like & share it yawl,Excitement / Anticipation,X,
334ZEL5JX69Y04ZSH0GN26V8YTDSO5,3K17V65Z3MTB787QKE0LDQZV1G9M8F,What emotion does this text convey?,What emotion does this text convey?,"Happy/Joy, Excitement/Anticipation, Trust,  Fear,  Anger, Sadness",$0.01,Thu Mar 12 10:39:48 PDT 2020,3,BatchId:3953871;OriginalHitTemplateId:928390866;,240,172800,Sun Mar 15 10:39:48 PDT 2020,,,3ATPCQ38J948G6FUXP8W8GVQHXEAYF,A3OUNEJO97MM8E,Approved,Thu Mar 12 10:41:54 PDT 2020,Thu Mar 12 10:42:02 PDT 2020,Sat Mar 14 10:42:02 PDT 2020,Thu Mar 12 10:43:33 PDT 2020,,,8,100% (6/6),100% (6/6),100% (6/6),Holla people!! my song Rose Gold Di Nathani is releasing tomorrow on zee music Stay tuned!! Please like & share it yawl,Excitement / Anticipation,X,
334ZEL5JX69Y04ZSH0GN26V8YTDSO5,3K17V65Z3MTB787QKE0LDQZV1G9M8F,What emotion does this text convey?,What emotion does this text convey?,"Happy/Joy, Excitement/Anticipation, Trust,  Fear,  Anger, Sadness",$0.01,Thu Mar 12 10:39:48 PDT 2020,3,BatchId:3953871;OriginalHitTemplateId:928390866;,240,172800,Sun Mar 15 10:39:48 PDT 2020,,,3HRMW88U17KCLCSYMKNSPFW6Z1O0MO,A17INFFRJESCZ5,Approved,Thu Mar 12 10:41:56 PDT 2020,Thu Mar 12 10:42:07 PDT 2020,Sat Mar 14 10:42:07 PDT 2020,Thu Mar 12 10:43:33 PDT 2020,,,11,100% (5/5),100% (5/5),100% (5/5),Holla people!! my song Rose Gold Di Nathani is releasing tomorrow on zee music Stay tuned!! Please like & share it yawl,Excitement / Anticipation,X,
3O2Y2UIUCQO6689RDOOVOQVKPY9FKP,3K17V65Z3MTB787QKE0LDQZV1G9M8F,What emotion does this text convey?,What emotion does this text convey?,"Happy/Joy, Excitement/Anticipation, Trust,  Fear,  Anger, Sadness",$0.01,Thu Mar 12 10:39:48 PDT 2020,4,BatchId:3953871;OriginalHitTemplateId:928390866;,240,172800,Sun Mar 15 10:39:48 PDT 2020,,,30IQTZXKAL0NFOR20RP10WC4657X04,A33I17JEFZ925P,Rejected,Thu Mar 12 10:41:24 PDT 2020,Thu Mar 12 10:41:28 PDT 2020,Sat Mar 14 10:41:28 PDT 2020,,Thu Mar 12 10:44:29 PDT 2020,wrong,4,90% (9/10),90% (9/10),90% (9/10),I AM SO excited for this!! Congratulations to my #soulsister @troybyer mindologyfitnes mindologykids on making the #news!! I am absolutely grateful and divinely delighted to be one of the first …,Happiness / Joy,,X
3O2Y2UIUCQO6689RDOOVOQVKPY9FKP,3K17V65Z3MTB787QKE0LDQZV1G9M8F,What emotion does this text convey?,What emotion does this text convey?,"Happy/Joy, Excitement/Anticipation, Trust,  Fear,  Anger, Sadness",$0.01,Thu Mar 12 10:39:48 PDT 2020,4,BatchId:3953871;OriginalHitTemplateId:928390866;,240,172800,Sun Mar 15 10:39:48 PDT 2020,,,3CTOC39K38K02FMX4MV9O2EC3LZJ73,A191V7PT3DQKDP,Approved,Thu Mar 12 10:44:39 PDT 2020,Thu Mar 12 10:44:56 PDT 2020,Sat Mar 14 10:44:56 PDT 2020,Thu Mar 12 13:01:04 PDT 2020,,,17,95% (21/22),95% (21/22),95% (21/22),I AM SO excited for this!! Congratulations to my #soulsister @troybyer mindologyfitnes mindologykids on making the #news!! I am absolutely grateful and divinely delighted to be one of the first …,Happiness / Joy,X,
3O2Y2UIUCQO6689RDOOVOQVKPY9FKP,3K17V65Z3MTB787QKE0LDQZV1G9M8F,What emotion does this text convey?,What emotion does this text convey?,"Happy/Joy, Excitement/Anticipation, Trust,  Fear,  Anger, Sadness",$0.01,Thu Mar 12 10:39:48 PDT 2020,4,BatchId:3953871;OriginalHitTemplateId:928390866;,240,172800,Sun Mar 15 10:39:48 PDT 2020,,,3UXUOQ9OKFRP1MJTAGIWV3BTDY5A7E,A23HZ18KTCK2DA,Approved,Thu Mar 12 10:41:22 PDT 2020,Thu Mar 12 10:43:19 PDT 2020,Sat Mar 14 10:43:19 PDT 2020,Thu Mar 12 10:44:40 PDT 2020,,,117,100% (18/18),100% (18/18),100% (18/18),I AM SO excited for this!! Congratulations to my #soulsister @troybyer mindologyfitnes mindologykids on making the #news!! I am absolutely grateful and divinely delighted to be one of the first …,Excitement / Anticipation,X,
3O2Y2UIUCQO6689RDOOVOQVKPY9FKP,3K17V65Z3MTB787QKE0LDQZV1G9M8F,What emotion does this text convey?,What emotion does this text convey?,"Happy/Joy, Excitement/Anticipation, Trust,  Fear,  Anger, Sadness",$0.01,Thu Mar 12 10:39:48 PDT 2020,4,BatchId:3953871;OriginalHitTemplateId:928390866;,240,172800,Sun Mar 15 10:39:48 PDT 2020,,,3YW4XOSQKRFV59IPR5IEUUWAHFWU1C,A2PTXQ060AH5S5,Approved,Thu Mar 12 10:41:04 PDT 2020,Thu Mar 12 10:41:16 PDT 2020,Sat Mar 14 10:41:16 PDT 2020,Thu Mar 12 10:43:35 PDT 2020,,,12,100% (7/7),100% (7/7),100% (7/7),I AM SO excited for this!! Congratulations to my #soulsister @troybyer mindologyfitnes mindologykids on making the #news!! I am absolutely grateful and divinely delighted to be one of the first …,Excitement / Anticipation,X,
3TL87MO8CMJHQER9YO0W3Q8ZEYEFLS,3K17V65Z3MTB787QKE0LDQZV1G9M8F,What emotion does this text convey?,What emotion does this text convey?,"Happy/Joy, Excitement/Anticipation, Trust,  Fear,  Anger, Sadness",$0.01,Thu Mar 12 10:39:48 PDT 2020,3,BatchId:3953871;OriginalHitTemplateId:928390866;,240,172800,Sun Mar 15 10:39:48 PDT 2020,,,33CUSNVVNO6FICVXNNQODC1TYUB88V,A4T72YNNJS23P,Approved,Thu Mar 12 10:42:04 PDT 2020,Thu Mar 12 10:42:16 PDT 2020,Sat Mar 14 10:42:16 PDT 2020,Thu Mar 12 10:43:36 PDT 2020,,,12,100% (1/1),100% (1/1),100% (1/1),Finally getting the chance to go to the drive thru safari,Excitement / Anticipation,X,
3TL87MO8CMJHQER9YO0W3Q8ZEYEFLS,3K17V65Z3MTB787QKE0LDQZV1G9M8F,What emotion does this text convey?,What emotion does this text convey?,"Happy/Joy, Excitement/Anticipation, Trust,  Fear,  Anger, Sadness",$0.01,Thu Mar 12 10:39:48 PDT 2020,3,BatchId:3953871;OriginalHitTemplateId:928390866;,240,172800,Sun Mar 15 10:39:48 PDT 2020,,,3TXWC2NHN0KXF1TG6D27UZW5UUZS93,A191V7PT3DQKDP,Approved,Thu Mar 12 10:42:06 PDT 2020,Thu Mar 12 10:42:40 PDT 2020,Sat Mar 14 10:42:40 PDT 2020,Thu Mar 12 10:44:40 PDT 2020,,,34,95% (21/22),95% (21/22),95% (21/22),Finally getting the chance to go to the drive thru safari,Happiness / Joy,X,
3TL87MO8CMJHQER9YO0W3Q8ZEYEFLS,3K17V65Z3MTB787QKE0LDQZV1G9M8F,What emotion does this text convey?,What emotion does this text convey?,"Happy/Joy, Excitement/Anticipation, Trust,  Fear,  Anger, Sadness",$0.01,Thu Mar 12 10:39:48 PDT 2020,3,BatchId:3953871;OriginalHitTemplateId:928390866;,240,172800,Sun Mar 15 10:39:48 PDT 2020,,,3Z4AIRP3C77NMDCKWAT1E1VEBXDX17,A23HZ18KTCK2DA,Approved,Thu Mar 12 10:41:23 PDT 2020,Thu Mar 12 10:43:58 PDT 2020,Sat Mar 14 10:43:58 PDT 2020,Thu Mar 12 10:44:40 PDT 2020,,,155,100% (18/18),100% (18/18),100% (18/18),Finally getting the chance to go to the drive thru safari,Excitement / Anticipation,X,
3I01FDIL6M2ER8R5XCN10U65WL7D2Q,3K17V65Z3MTB787QKE0LDQZV1G9M8F,What emotion does this text convey?,What emotion does this text convey?,"Happy/Joy, Excitement/Anticipation, Trust,  Fear,  Anger, Sadness",$0.01,Thu Mar 12 10:39:48 PDT 2020,3,BatchId:3953871;OriginalHitTemplateId:928390866;,240,172800,Sun Mar 15 10:39:48 PDT 2020,,,38F5OAUN5O64B9R7GMSOCPYXQTV7HM,A23HZ18KTCK2DA,Approved,Thu Mar 12 10:41:18 PDT 2020,Thu Mar 12 10:42:25 PDT 2020,Sat Mar 14 10:42:25 PDT 2020,Thu Mar 12 10:43:34 PDT 2020,,,67,100% (18/18),100% (18/18),100% (18/18),"I’m super excited! I have been mentioned by insane growth in their post The Quotes That #Inspire Marie Forleo, Nir Eyal & 37 Other Successful Founders. Want to know the #quote I quoted? => #Entrepreneurs #business",Excitement / Anticipation,X,
3I01FDIL6M2ER8R5XCN10U65WL7D2Q,3K17V65Z3MTB787QKE0LDQZV1G9M8F,What emotion does this text convey?,What emotion does this text convey?,"Happy/Joy, Excitement/Anticipation, Trust,  Fear,  Anger, Sadness",$0.01,Thu Mar 12 10:39:48 PDT 2020,3,BatchId:3953871;OriginalHitTemplateId:928390866;,240,172800,Sun Mar 15 10:39:48 PDT 2020,,,3QIYRE09Y4BIAJYGU46SGZ4G9J41NS,A3OUNEJO97MM8E,Approved,Thu Mar 12 10:40:57 PDT 2020,Thu Mar 12 10:41:14 PDT 2020,Sat Mar 14 10:41:14 PDT 2020,Thu Mar 12 10:43:34 PDT 2020,,,17,100% (6/6),100% (6/6),100% (6/6),"I’m super excited! I have been mentioned by insane growth in their post The Quotes That #Inspire Marie Forleo, Nir Eyal & 37 Other Successful Founders. Want to know the #quote I quoted? => #Entrepreneurs #business",Happiness / Joy,X,
3I01FDIL6M2ER8R5XCN10U65WL7D2Q,3K17V65Z3MTB787QKE0LDQZV1G9M8F,What emotion does this text convey?,What emotion does this text convey?,"Happy/Joy, Excitement/Anticipation, Trust,  Fear,  Anger, Sadness",$0.01,Thu Mar 12 10:39:48 PDT 2020,3,BatchId:3953871;OriginalHitTemplateId:928390866;,240,172800,Sun Mar 15 10:39:48 PDT 2020,,,3W92K5RLWVBU6688XIUVT6BA72AV5K,A33I17JEFZ925P,Approved,Thu Mar 12 10:42:02 PDT 2020,Thu Mar 12 10:42:05 PDT 2020,Sat Mar 14 10:42:05 PDT 2020,Thu Mar 12 10:43:34 PDT 2020,,,3,90% (9/10),90% (9/10),90% (9/10),"I’m super excited! I have been mentioned by insane growth in their post The Quotes That #Inspire Marie Forleo, Nir Eyal & 37 Other Successful Founders. Want to know the #quote I quoted? => #Entrepreneurs #business",Excitement / Anticipation,X,
3QHITW7OYO3XLKQEFDM06BW2ROOQAF,3K17V65Z3MTB787QKE0LDQZV1G9M8F,What emotion does this text convey?,What emotion does this text convey?,"Happy/Joy, Excitement/Anticipation, Trust,  Fear,  Anger, Sadness",$0.01,Thu Mar 12 10:39:48 PDT 2020,3,BatchId:3953871;OriginalHitTemplateId:928390866;,240,172800,Sun Mar 15 10:39:48 PDT 2020,,,3BXQMRHWK0SS1Y4EKR1CEMKDFQRMUC,A37NFLYNUZQ0QS,Approved,Thu Mar 12 10:40:55 PDT 2020,Thu Mar 12 10:41:08 PDT 2020,Sat Mar 14 10:41:08 PDT 2020,Thu Mar 12 10:43:36 PDT 2020,,,13,100% (10/10),100% (10/10),100% (10/10),"Who all is ready for this weekends race at @amsupdates?! I know I am! @DropTheJackPod get ready, I feel like you ’ re going to have a lot to talk about! Also, I can’t wait until we get to a short track to see this new #Package for the Cup cars.",Happiness / Joy,X,
3QHITW7OYO3XLKQEFDM06BW2ROOQAF,3K17V65Z3MTB787QKE0LDQZV1G9M8F,What emotion does this text convey?,What emotion does this text convey?,"Happy/Joy, Excitement/Anticipation, Trust,  Fear,  Anger, Sadness",$0.01,Thu Mar 12 10:39:48 PDT 2020,3,BatchId:3953871;OriginalHitTemplateId:928390866;,240,172800,Sun Mar 15 10:39:48 PDT 2020,,,3I02618YA10YM11RC7T4VQE8KV2UPG,A23HZ18KTCK2DA,Approved,Thu Mar 12 10:41:26 PDT 2020,Thu Mar 12 10:44:29 PDT 2020,Sat Mar 14 10:44:29 PDT 2020,Thu Mar 12 10:44:47 PDT 2020,,,183,100% (18/18),100% (18/18),100% (18/18),"Who all is ready for this weekends race at @amsupdates?! I know I am! @DropTheJackPod get ready, I feel like you ’ re going to have a lot to talk about! Also, I can’t wait until we get to a short track to see this new #Package for the Cup cars.",Excitement / Anticipation,X,
3QHITW7OYO3XLKQEFDM06BW2ROOQAF,3K17V65Z3MTB787QKE0LDQZV1G9M8F,What emotion does this text convey?,What emotion does this text convey?,"Happy/Joy, Excitement/Anticipation, Trust,  Fear,  Anger, Sadness",$0.01,Thu Mar 12 10:39:48 PDT 2020,3,BatchId:3953871;OriginalHitTemplateId:928390866;,240,172800,Sun Mar 15 10:39:48 PDT 2020,,,3X0H8UUIT2I8RX6OZOCZ8J4GSVKWSX,A33I17JEFZ925P,Approved,Thu Mar 12 10:41:09 PDT 2020,Thu Mar 12 10:41:15 PDT 2020,Sat Mar 14 10:41:15 PDT 2020,Thu Mar 12 10:43:36 PDT 2020,,,6,90% (9/10),90% (9/10),90% (9/10),"Who all is ready for this weekends race at @amsupdates?! I know I am! @DropTheJackPod get ready, I feel like you ’ re going to have a lot to talk about! Also, I can’t wait until we get to a short track to see this new #Package for the Cup cars.",Excitement / Anticipation,X,
3JGHED38EDLOBKJ2ZKRA96XEPPZ7Y8,3K17V65Z3MTB787QKE0LDQZV1G9M8F,What emotion does this text convey?,What emotion does this text convey?,"Happy/Joy, Excitement/Anticipation, Trust,  Fear,  Anger, Sadness",$0.01,Thu Mar 12 10:39:48 PDT 2020,3,BatchId:3953871;OriginalHitTemplateId:928390866;,240,172800,Sun Mar 15 10:39:48 PDT 2020,,,3B837J3LDPQ3J1P20U2TLKWZ0G5RSP,A3OUNEJO97MM8E,Approved,Thu Mar 12 10:41:24 PDT 2020,Thu Mar 12 10:41:32 PDT 2020,Sat Mar 14 10:41:32 PDT 2020,Thu Mar 12 10:43:35 PDT 2020,,,8,100% (6/6),100% (6/6),100% (6/6),Who else is excited for the @eatingcontest season to get rolling!?!!!? Who’s ready for a Barclay LADIES AND GENTLEMEN!!! Corn and @originalnathans qualifiers fast approaching! Let’s goo!!!,Excitement / Anticipation,X,
3JGHED38EDLOBKJ2ZKRA96XEPPZ7Y8,3K17V65Z3MTB787QKE0LDQZV1G9M8F,What emotion does this text convey?,What emotion does this text convey?,"Happy/Joy, Excitement/Anticipation, Trust,  Fear,  Anger, Sadness",$0.01,Thu Mar 12 10:39:48 PDT 2020,3,BatchId:3953871;OriginalHitTemplateId:928390866;,240,172800,Sun Mar 15 10:39:48 PDT 2020,,,3YDTZAI2WYAWOBOACZRWHQYGI29410,A191V7PT3DQKDP,Approved,Thu Mar 12 10:40:51 PDT 2020,Thu Mar 12 10:41:45 PDT 2020,Sat Mar 14 10:41:45 PDT 2020,Thu Mar 12 10:43:35 PDT 2020,,,54,95% (21/22),95% (21/22),95% (21/22),Who else is excited for the @eatingcontest season to get rolling!?!!!? Who’s ready for a Barclay LADIES AND GENTLEMEN!!! Corn and @originalnathans qualifiers fast approaching! Let’s goo!!!,Excitement / Anticipation,X,
3JGHED38EDLOBKJ2ZKRA96XEPPZ7Y8,3K17V65Z3MTB787QKE0LDQZV1G9M8F,What emotion does this text convey?,What emotion does this text convey?,"Happy/Joy, Excitement/Anticipation, Trust,  Fear,  Anger, Sadness",$0.01,Thu Mar 12 10:39:48 PDT 2020,3,BatchId:3953871;OriginalHitTemplateId:928390866;,240,172800,Sun Mar 15 10:39:48 PDT 2020,,,3ZR9AIQJUC3WHM3SGGNW3LF6DA304T,A23HZ18KTCK2DA,Approved,Thu Mar 12 10:41:28 PDT 2020,Thu Mar 12 10:44:50 PDT 2020,Sat Mar 14 10:44:50 PDT 2020,Thu Mar 12 13:01:03 PDT 2020,,,202,100% (18/18),100% (18/18),100% (18/18),Who else is excited for the @eatingcontest season to get rolling!?!!!? Who’s ready for a Barclay LADIES AND GENTLEMEN!!! Corn and @originalnathans qualifiers fast approaching! Let’s goo!!!,Excitement / Anticipation,X,
34HEO7RUG6OXXL5ESSB0B167NAQAR0,3K17V65Z3MTB787QKE0LDQZV1G9M8F,What emotion does this text convey?,What emotion does this text convey?,"Happy/Joy, Excitement/Anticipation, Trust,  Fear,  Anger, Sadness",$0.01,Thu Mar 12 10:39:48 PDT 2020,3,BatchId:3953871;OriginalHitTemplateId:928390866;,240,172800,Sun Mar 15 10:39:48 PDT 2020,,,32AT8R96GM3VZTHJ4OXYQVJJ7F9SUU,A37NFLYNUZQ0QS,Approved,Thu Mar 12 10:43:01 PDT 2020,Thu Mar 12 10:43:29 PDT 2020,Sat Mar 14 10:43:29 PDT 2020,Thu Mar 12 10:44:39 PDT 2020,,,28,100% (10/10),100% (10/10),100% (10/10),"After years of not having a treatment, I am FINALLY having one. The final stage of their training involves our therapists are performing a select few treatments on me, so we are sure that the treatment is 5 *. Ela is up first and I am confident she will do brilliantly. ",Happiness / Joy,X,
34HEO7RUG6OXXL5ESSB0B167NAQAR0,3K17V65Z3MTB787QKE0LDQZV1G9M8F,What emotion does this text convey?,What emotion does this text convey?,"Happy/Joy, Excitement/Anticipation, Trust,  Fear,  Anger, Sadness",$0.01,Thu Mar 12 10:39:48 PDT 2020,3,BatchId:3953871;OriginalHitTemplateId:928390866;,240,172800,Sun Mar 15 10:39:48 PDT 2020,,,3DYGAII7PM26U8UAVY9ZLPHJHAWPQ6,A2PTXQ060AH5S5,Approved,Thu Mar 12 10:41:44 PDT 2020,Thu Mar 12 10:42:08 PDT 2020,Sat Mar 14 10:42:08 PDT 2020,Thu Mar 12 10:44:39 PDT 2020,,,24,100% (7/7),100% (7/7),100% (7/7),"After years of not having a treatment, I am FINALLY having one. The final stage of their training involves our therapists are performing a select few treatments on me, so we are sure that the treatment is 5 *. Ela is up first and I am confident she will do brilliantly. ",Happiness / Joy,X,
34HEO7RUG6OXXL5ESSB0B167NAQAR0,3K17V65Z3MTB787QKE0LDQZV1G9M8F,What emotion does this text convey?,What emotion does this text convey?,"Happy/Joy, Excitement/Anticipation, Trust,  Fear,  Anger, Sadness",$0.01,Thu Mar 12 10:39:48 PDT 2020,3,BatchId:3953871;OriginalHitTemplateId:928390866;,240,172800,Sun Mar 15 10:39:48 PDT 2020,,,3NAPMVF0ZX90WJOPX1PHPLSV1AD724,A23HZ18KTCK2DA,Approved,Thu Mar 12 10:41:02 PDT 2020,Thu Mar 12 10:41:30 PDT 2020,Sat Mar 14 10:41:30 PDT 2020,Thu Mar 12 10:43:33 PDT 2020,,,28,100% (18/18),100% (18/18),100% (18/18),"After years of not having a treatment, I am FINALLY having one. The final stage of their training involves our therapists are performing a select few treatments on me, so we are sure that the treatment is 5 *. Ela is up first and I am confident she will do brilliantly. ",Excitement / Anticipation,X,
34D9ZRXCYRO9Y05R7HB51BB39C9ASO,3K17V65Z3MTB787QKE0LDQZV1G9M8F,What emotion does this text convey?,What emotion does this text convey?,"Happy/Joy, Excitement/Anticipation, Trust,  Fear,  Anger, Sadness",$0.01,Thu Mar 12 10:39:48 PDT 2020,3,BatchId:3953871;OriginalHitTemplateId:928390866;,240,172800,Sun Mar 15 10:39:48 PDT 2020,,,3B3WTRP3DCW4A2CICYN13HJ1W0129B,A2PTXQ060AH5S5,Approved,Thu Mar 12 10:41:16 PDT 2020,Thu Mar 12 10:41:44 PDT 2020,Sat Mar 14 10:41:44 PDT 2020,Thu Mar 12 10:43:33 PDT 2020,,,28,100% (7/7),100% (7/7),100% (7/7),""" MT has been nominated in the Hampshire Hoop Awards 2020 in the"" Best Music and Singing"" category * * PLEASE VOTE * * by clicking on the link & scroll to section 3b to find Melody Tots #selfemployed #meanstheworld #notafranchise",Happiness / Joy,X,
34D9ZRXCYRO9Y05R7HB51BB39C9ASO,3K17V65Z3MTB787QKE0LDQZV1G9M8F,What emotion does this text convey?,What emotion does this text convey?,"Happy/Joy, Excitement/Anticipation, Trust,  Fear,  Anger, Sadness",$0.01,Thu Mar 12 10:39:48 PDT 2020,3,BatchId:3953871;OriginalHitTemplateId:928390866;,240,172800,Sun Mar 15 10:39:48 PDT 2020,,,3JNQLM5FT5GZB4DR1VQR8QAWWUI2L8,A37NFLYNUZQ0QS,Approved,Thu Mar 12 10:41:26 PDT 2020,Thu Mar 12 10:41:38 PDT 2020,Sat Mar 14 10:41:38 PDT 2020,Thu Mar 12 10:43:33 PDT 2020,,,12,100% (10/10),100% (10/10),100% (10/10),""" MT has been nominated in the Hampshire Hoop Awards 2020 in the"" Best Music and Singing"" category * * PLEASE VOTE * * by clicking on the link & scroll to section 3b to find Melody Tots #selfemployed #meanstheworld #notafranchise",Trust / Faith,X,
34D9ZRXCYRO9Y05R7HB51BB39C9ASO,3K17V65Z3MTB787QKE0LDQZV1G9M8F,What emotion does this text convey?,What emotion does this text convey?,"Happy/Joy, Excitement/Anticipation, Trust,  Fear,  Anger, Sadness",$0.01,Thu Mar 12 10:39:48 PDT 2020,3,BatchId:3953871;OriginalHitTemplateId:928390866;,240,172800,Sun Mar 15 10:39:48 PDT 2020,,,3WRFBPLXRBIEKMCVH8KB4SJD73HN35,A2L4PDTJOHV8IC,Approved,Thu Mar 12 10:40:46 PDT 2020,Thu Mar 12 10:42:37 PDT 2020,Sat Mar 14 10:42:37 PDT 2020,Thu Mar 12 10:44:39 PDT 2020,,,111,100% (1/1),100% (1/1),100% (1/1),""" MT has been nominated in the Hampshire Hoop Awards 2020 in the"" Best Music and Singing"" category * * PLEASE VOTE * * by clicking on the link & scroll to section 3b to find Melody Tots #selfemployed #meanstheworld #notafranchise",Excitement / Anticipation,X,
3P6ENY9P79QZE9A98BRJEVSKD9XIHF,3K17V65Z3MTB787QKE0LDQZV1G9M8F,What emotion does this text convey?,What emotion does this text convey?,"Happy/Joy, Excitement/Anticipation, Trust,  Fear,  Anger, Sadness",$0.01,Thu Mar 12 10:39:48 PDT 2020,3,BatchId:3953871;OriginalHitTemplateId:928390866;,240,172800,Sun Mar 15 10:39:48 PDT 2020,,,34J10VATJGSEDM76I3JFCSG7VW3IQP,A3UW6BAYVT3AGE,Approved,Thu Mar 12 10:48:34 PDT 2020,Thu Mar 12 10:48:49 PDT 2020,Sat Mar 14 10:48:49 PDT 2020,Thu Mar 12 13:01:04 PDT 2020,,,15,100% (1/1),100% (1/1),100% (1/1),"I know there are a wide variety of Podcasts of interest to parents, students, teachers and school leaders coming down the track in the coming months!  If you think you’d like to get involved, feel free to get in touch via info @jct. ie",Excitement / Anticipation,X,
3P6ENY9P79QZE9A98BRJEVSKD9XIHF,3K17V65Z3MTB787QKE0LDQZV1G9M8F,What emotion does this text convey?,What emotion does this text convey?,"Happy/Joy, Excitement/Anticipation, Trust,  Fear,  Anger, Sadness",$0.01,Thu Mar 12 10:39:48 PDT 2020,3,BatchId:3953871;OriginalHitTemplateId:928390866;,240,172800,Sun Mar 15 10:39:48 PDT 2020,,,3IQ1VMJRYUETF57MPDGG9Z2Z8OTA9Q,A23HZ18KTCK2DA,Approved,Thu Mar 12 10:41:23 PDT 2020,Thu Mar 12 10:43:29 PDT 2020,Sat Mar 14 10:43:29 PDT 2020,Thu Mar 12 10:44:40 PDT 2020,,,126,100% (18/18),100% (18/18),100% (18/18),"I know there are a wide variety of Podcasts of interest to parents, students, teachers and school leaders coming down the track in the coming months!  If you think you’d like to get involved, feel free to get in touch via info @jct. ie",Excitement / Anticipation,X,
3P6ENY9P79QZE9A98BRJEVSKD9XIHF,3K17V65Z3MTB787QKE0LDQZV1G9M8F,What emotion does this text convey?,What emotion does this text convey?,"Happy/Joy, Excitement/Anticipation, Trust,  Fear,  Anger, Sadness",$0.01,Thu Mar 12 10:39:48 PDT 2020,3,BatchId:3953871;OriginalHitTemplateId:928390866;,240,172800,Sun Mar 15 10:39:48 PDT 2020,,,3VZLGYJEYM4KH9XS4L2T6VFQOCQZXY,A17INFFRJESCZ5,Approved,Thu Mar 12 10:41:23 PDT 2020,Thu Mar 12 10:41:55 PDT 2020,Sat Mar 14 10:41:55 PDT 2020,Thu Mar 12 10:43:35 PDT 2020,,,32,100% (5/5),100% (5/5),100% (5/5),"I know there are a wide variety of Podcasts of interest to parents, students, teachers and school leaders coming down the track in the coming months!  If you think you’d like to get involved, feel free to get in touch via info @jct. ie",Excitement / Anticipation,X,
